marka,model,fiyat_tl,ilan_yili,ilan_tarihi,fiyat_durumu,sahibinden_arama,logo_dosyasi
Mercedes-Benz,190 E,,,,Doğrulanmış fiyat bulunamadı,https://www.sahibinden.com/kelime-ile-arama?query_text=Mercedes-Benz%20190%20E,logolar/mercedes-benz.png
Mercedes-Benz,W123,,,,Doğrulanmış fiyat bulunamadı,https://www.sahibinden.com/kelime-ile-arama?query_text=Mercedes-Benz%20W123,logolar/mercedes-benz.png
Mercedes-Benz,W124,,,,Doğrulanmış fiyat bulunamadı,https://www.sahibinden.com/kelime-ile-arama?query_text=Mercedes-Benz%20W124,logolar/mercedes-benz.png
Mercedes-Benz,C Serisi,,,,Doğrulanmış fiyat bulunamadı,https://www.sahibinden.com/kelime-ile-arama?query_text=Mercedes-Benz%20C%20Serisi,logolar/mercedes-benz.png
Mercedes-Benz,E Serisi,,,,Doğrulanmış fiyat bulunamadı,https://www.sahibinden.com/kelime-ile-arama?query_text=Mercedes-Benz%20E%20Serisi,logolar/mercedes-benz.png
Audi,80,,,,Doğrulanmış fiyat bulunamadı,https://www.sahibinden.com/kelime-ile-arama?query_text=Audi%2080,logolar/audi.png
Audi,100,,,,Doğrulanmış fiyat bulunamadı,https://www.sahibinden.com/kelime-ile-arama?query_text=Audi%20100,logolar/audi.png
Audi,A3,,,,Doğrulanmış fiyat bulunamadı,https://www.sahibinden.com/kelime-ile-arama?query_text=Audi%20A3,logolar/audi.png
Audi,A4,,,,Doğrulanmış fiyat bulunamadı,https://www.sahibinden.com/kelime-ile-arama?query_text=Audi%20A4,logolar/audi.png
Audi,A6,,,,Doğrulanmış fiyat bulunamadı,https://www.sahibinden.com/kelime-ile-arama?query_text=Audi%20A6,logolar/audi.png
Volkswagen,Beetle,,,,Doğrulanmış fiyat bulunamadı,https://www.sahibinden.com/kelime-ile-arama?query_text=Volkswagen%20Beetle,logolar/volkswagen.png
Volkswagen,Golf,,,,Doğrulanmış fiyat bulunamadı,https://www.sahibinden.com/kelime-ile-arama?query_text=Volkswagen%20Golf,logolar/volkswagen.png
Volkswagen,Passat,,,,Doğrulanmış fiyat bulunamadı,https://www.sahibinden.com/kelime-ile-arama?query_text=Volkswagen%20Passat,logolar/volkswagen.png
Volkswagen,Polo,,,,Doğrulanmış fiyat bulunamadı,https://www.sahibinden.com/kelime-ile-arama?query_text=Volkswagen%20Polo,logolar/volkswagen.png
Volkswagen,Jetta,,,,Doğrulanmış fiyat bulunamadı,https://www.sahibinden.com/kelime-ile-arama?query_text=Volkswagen%20Jetta,logolar/volkswagen.png
Volvo,240,,,,Doğrulanmış fiyat bulunamadı,https://www.sahibinden.com/kelime-ile-arama?query_text=Volvo%20240,logolar/volvo.png
Volvo,740,,,,Doğrulanmış fiyat bulunamadı,https://www.sahibinden.com/kelime-ile-arama?query_text=Volvo%20740,logolar/volvo.png
Volvo,850,,,,Doğrulanmış fiyat bulunamadı,https://www.sahibinden.com/kelime-ile-arama?query_text=Volvo%20850,logolar/volvo.png
Volvo,S60,,,,Doğrulanmış fiyat bulunamadı,https://www.sahibinden.com/kelime-ile-arama?query_text=Volvo%20S60,logolar/volvo.png
Volvo,S80,,,,Doğrulanmış fiyat bulunamadı,https://www.sahibinden.com/kelime-ile-arama?query_text=Volvo%20S80,logolar/volvo.png
Toyota,Corolla,,,,Doğrulanmış fiyat bulunamadı,https://www.sahibinden.com/kelime-ile-arama?query_text=Toyota%20Corolla,logolar/toyota.png
Toyota,Carina,,,,Doğrulanmış fiyat bulunamadı,https://www.sahibinden.com/kelime-ile-arama?query_text=Toyota%20Carina,logolar/toyota.png
Toyota,Camry,,,,Doğrulanmış fiyat bulunamadı,https://www.sahibinden.com/kelime-ile-arama?query_text=Toyota%20Camry,logolar/toyota.png
Toyota,Yaris,,,,Doğrulanmış fiyat bulunamadı,https://www.sahibinden.com/kelime-ile-arama?query_text=Toyota%20Yaris,logolar/toyota.png
Toyota,Land Cruiser,,,,Doğrulanmış fiyat bulunamadı,https://www.sahibinden.com/kelime-ile-arama?query_text=Toyota%20Land%20Cruiser,logolar/toyota.png
Renault,R12,,,,Doğrulanmış fiyat bulunamadı,https://www.sahibinden.com/kelime-ile-arama?query_text=Renault%20R12,logolar/renault.png
Renault,R9 Broadway,,,,Doğrulanmış fiyat bulunamadı,https://www.sahibinden.com/kelime-ile-arama?query_text=Renault%20R9%20Broadway,logolar/renault.png
Renault,R11 Flash,,,,Doğrulanmış fiyat bulunamadı,https://www.sahibinden.com/kelime-ile-arama?query_text=Renault%20R11%20Flash,logolar/renault.png
Renault,Clio,337500,2007,2025-10-24,2025 tarihli örnek ilan (güncel değil),https://www.sahibinden.com/kelime-ile-arama?query_text=Renault%20Clio,logolar/renault.png
Renault,Megane,,,,Doğrulanmış fiyat bulunamadı,https://www.sahibinden.com/kelime-ile-arama?query_text=Renault%20Megane,logolar/renault.png
Fiat,124,,,,Doğrulanmış fiyat bulunamadı,https://www.sahibinden.com/kelime-ile-arama?query_text=Fiat%20124,logolar/fiat.png
Fiat,131 Şahin,,,,Doğrulanmış fiyat bulunamadı,https://www.sahibinden.com/kelime-ile-arama?query_text=Fiat%20131%20%C5%9Eahin,logolar/fiat.png
Fiat,Uno,,,,Doğrulanmış fiyat bulunamadı,https://www.sahibinden.com/kelime-ile-arama?query_text=Fiat%20Uno,logolar/fiat.png
Fiat,Tipo,,,,Doğrulanmış fiyat bulunamadı,https://www.sahibinden.com/kelime-ile-arama?query_text=Fiat%20Tipo,logolar/fiat.png
Fiat,Egea,,,,Doğrulanmış fiyat bulunamadı,https://www.sahibinden.com/kelime-ile-arama?query_text=Fiat%20Egea,logolar/fiat.png
Peugeot,205,,,,Doğrulanmış fiyat bulunamadı,https://www.sahibinden.com/kelime-ile-arama?query_text=Peugeot%20205,logolar/peugeot.png
Peugeot,306,,,,Doğrulanmış fiyat bulunamadı,https://www.sahibinden.com/kelime-ile-arama?query_text=Peugeot%20306,logolar/peugeot.png
Peugeot,406,,,,Doğrulanmış fiyat bulunamadı,https://www.sahibinden.com/kelime-ile-arama?query_text=Peugeot%20406,logolar/peugeot.png
Peugeot,206,,,,Doğrulanmış fiyat bulunamadı,https://www.sahibinden.com/kelime-ile-arama?query_text=Peugeot%20206,logolar/peugeot.png
Peugeot,307,,,,Doğrulanmış fiyat bulunamadı,https://www.sahibinden.com/kelime-ile-arama?query_text=Peugeot%20307,logolar/peugeot.png
Tesla,Model S,,,,Doğrulanmış fiyat bulunamadı,https://www.sahibinden.com/kelime-ile-arama?query_text=Tesla%20Model%20S,logolar/tesla.png
Tesla,Model 3,,,,Doğrulanmış fiyat bulunamadı,https://www.sahibinden.com/kelime-ile-arama?query_text=Tesla%20Model%203,logolar/tesla.png
Tesla,Model Y,,,,Doğrulanmış fiyat bulunamadı,https://www.sahibinden.com/kelime-ile-arama?query_text=Tesla%20Model%20Y,logolar/tesla.png
Togg,T10X,,,,Doğrulanmış fiyat bulunamadı,https://www.sahibinden.com/kelime-ile-arama?query_text=Togg%20T10X,logolar/togg.png
Togg,T10F,,,,Doğrulanmış fiyat bulunamadı,https://www.sahibinden.com/kelime-ile-arama?query_text=Togg%20T10F,logolar/togg.png
BMW,E30 3 Serisi,415000,1991,2025-10-20,2025 tarihli örnek ilan (güncel değil),https://www.sahibinden.com/kelime-ile-arama?query_text=BMW%20E30%203%20Serisi,logolar/bmw.png
BMW,E36 3 Serisi,,,,Doğrulanmış fiyat bulunamadı,https://www.sahibinden.com/kelime-ile-arama?query_text=BMW%20E36%203%20Serisi,logolar/bmw.png
BMW,E39 5 Serisi,,,,Doğrulanmış fiyat bulunamadı,https://www.sahibinden.com/kelime-ile-arama?query_text=BMW%20E39%205%20Serisi,logolar/bmw.png
BMW,E46 3 Serisi,,,,Doğrulanmış fiyat bulunamadı,https://www.sahibinden.com/kelime-ile-arama?query_text=BMW%20E46%203%20Serisi,logolar/bmw.png
BMW,E60 5 Serisi,,,,Doğrulanmış fiyat bulunamadı,https://www.sahibinden.com/kelime-ile-arama?query_text=BMW%20E60%205%20Serisi,logolar/bmw.png
Porsche,911,,,,Doğrulanmış fiyat bulunamadı,https://www.sahibinden.com/kelime-ile-arama?query_text=Porsche%20911,logolar/porsche.png
Porsche,924,,,,Doğrulanmış fiyat bulunamadı,https://www.sahibinden.com/kelime-ile-arama?query_text=Porsche%20924,logolar/porsche.png
Porsche,944,,,,Doğrulanmış fiyat bulunamadı,https://www.sahibinden.com/kelime-ile-arama?query_text=Porsche%20944,logolar/porsche.png
Porsche,Boxster,,,,Doğrulanmış fiyat bulunamadı,https://www.sahibinden.com/kelime-ile-arama?query_text=Porsche%20Boxster,logolar/porsche.png
Porsche,Cayenne,,,,Doğrulanmış fiyat bulunamadı,https://www.sahibinden.com/kelime-ile-arama?query_text=Porsche%20Cayenne,logolar/porsche.png
Opel,Kadett,,,,Doğrulanmış fiyat bulunamadı,https://www.sahibinden.com/kelime-ile-arama?query_text=Opel%20Kadett,logolar/opel.png
Opel,Vectra,,,,Doğrulanmış fiyat bulunamadı,https://www.sahibinden.com/kelime-ile-arama?query_text=Opel%20Vectra,logolar/opel.png
Opel,Astra,,,,Doğrulanmış fiyat bulunamadı,https://www.sahibinden.com/kelime-ile-arama?query_text=Opel%20Astra,logolar/opel.png
Opel,Corsa,,,,Doğrulanmış fiyat bulunamadı,https://www.sahibinden.com/kelime-ile-arama?query_text=Opel%20Corsa,logolar/opel.png
Opel,Omega,,,,Doğrulanmış fiyat bulunamadı,https://www.sahibinden.com/kelime-ile-arama?query_text=Opel%20Omega,logolar/opel.png
Honda,Civic,,,,Doğrulanmış fiyat bulunamadı,https://www.sahibinden.com/kelime-ile-arama?query_text=Honda%20Civic,logolar/honda.png
Honda,Accord,,,,Doğrulanmış fiyat bulunamadı,https://www.sahibinden.com/kelime-ile-arama?query_text=Honda%20Accord,logolar/honda.png
Honda,CR-V,,,,Doğrulanmış fiyat bulunamadı,https://www.sahibinden.com/kelime-ile-arama?query_text=Honda%20CR-V,logolar/honda.png
Honda,Jazz,,,,Doğrulanmış fiyat bulunamadı,https://www.sahibinden.com/kelime-ile-arama?query_text=Honda%20Jazz,logolar/honda.png
Honda,Prelude,,,,Doğrulanmış fiyat bulunamadı,https://www.sahibinden.com/kelime-ile-arama?query_text=Honda%20Prelude,logolar/honda.png
Nissan,Sunny,,,,Doğrulanmış fiyat bulunamadı,https://www.sahibinden.com/kelime-ile-arama?query_text=Nissan%20Sunny,logolar/nissan.png
Nissan,Primera,,,,Doğrulanmış fiyat bulunamadı,https://www.sahibinden.com/kelime-ile-arama?query_text=Nissan%20Primera,logolar/nissan.png
Nissan,Micra,,,,Doğrulanmış fiyat bulunamadı,https://www.sahibinden.com/kelime-ile-arama?query_text=Nissan%20Micra,logolar/nissan.png
Nissan,Almera,,,,Doğrulanmış fiyat bulunamadı,https://www.sahibinden.com/kelime-ile-arama?query_text=Nissan%20Almera,logolar/nissan.png
Nissan,Qashqai,,,,Doğrulanmış fiyat bulunamadı,https://www.sahibinden.com/kelime-ile-arama?query_text=Nissan%20Qashqai,logolar/nissan.png
Mazda,323,,,,Doğrulanmış fiyat bulunamadı,https://www.sahibinden.com/kelime-ile-arama?query_text=Mazda%20323,logolar/mazda.png
Mazda,626,,,,Doğrulanmış fiyat bulunamadı,https://www.sahibinden.com/kelime-ile-arama?query_text=Mazda%20626,logolar/mazda.png
Mazda,MX-5,,,,Doğrulanmış fiyat bulunamadı,https://www.sahibinden.com/kelime-ile-arama?query_text=Mazda%20MX-5,logolar/mazda.png
Mazda,Mazda3,,,,Doğrulanmış fiyat bulunamadı,https://www.sahibinden.com/kelime-ile-arama?query_text=Mazda%20Mazda3,logolar/mazda.png
Mazda,Mazda6,,,,Doğrulanmış fiyat bulunamadı,https://www.sahibinden.com/kelime-ile-arama?query_text=Mazda%20Mazda6,logolar/mazda.png
Suzuki,Swift,,,,Doğrulanmış fiyat bulunamadı,https://www.sahibinden.com/kelime-ile-arama?query_text=Suzuki%20Swift,logolar/suzuki.png
Suzuki,Vitara,,,,Doğrulanmış fiyat bulunamadı,https://www.sahibinden.com/kelime-ile-arama?query_text=Suzuki%20Vitara,logolar/suzuki.png
Suzuki,Grand Vitara,,,,Doğrulanmış fiyat bulunamadı,https://www.sahibinden.com/kelime-ile-arama?query_text=Suzuki%20Grand%20Vitara,logolar/suzuki.png
Suzuki,Jimny,,,,Doğrulanmış fiyat bulunamadı,https://www.sahibinden.com/kelime-ile-arama?query_text=Suzuki%20Jimny,logolar/suzuki.png
Suzuki,SX4,,,,Doğrulanmış fiyat bulunamadı,https://www.sahibinden.com/kelime-ile-arama?query_text=Suzuki%20SX4,logolar/suzuki.png
Subaru,Impreza,,,,Doğrulanmış fiyat bulunamadı,https://www.sahibinden.com/kelime-ile-arama?query_text=Subaru%20Impreza,logolar/subaru.png
Subaru,Legacy,,,,Doğrulanmış fiyat bulunamadı,https://www.sahibinden.com/kelime-ile-arama?query_text=Subaru%20Legacy,logolar/subaru.png
Subaru,Forester,,,,Doğrulanmış fiyat bulunamadı,https://www.sahibinden.com/kelime-ile-arama?query_text=Subaru%20Forester,logolar/subaru.png
Subaru,Outback,,,,Doğrulanmış fiyat bulunamadı,https://www.sahibinden.com/kelime-ile-arama?query_text=Subaru%20Outback,logolar/subaru.png
Subaru,XV,,,,Doğrulanmış fiyat bulunamadı,https://www.sahibinden.com/kelime-ile-arama?query_text=Subaru%20XV,logolar/subaru.png
Mitsubishi,Lancer,,,,Doğrulanmış fiyat bulunamadı,https://www.sahibinden.com/kelime-ile-arama?query_text=Mitsubishi%20Lancer,logolar/mitsubishi.png
Mitsubishi,Colt,,,,Doğrulanmış fiyat bulunamadı,https://www.sahibinden.com/kelime-ile-arama?query_text=Mitsubishi%20Colt,logolar/mitsubishi.png
Mitsubishi,Galant,,,,Doğrulanmış fiyat bulunamadı,https://www.sahibinden.com/kelime-ile-arama?query_text=Mitsubishi%20Galant,logolar/mitsubishi.png
Mitsubishi,Pajero,,,,Doğrulanmış fiyat bulunamadı,https://www.sahibinden.com/kelime-ile-arama?query_text=Mitsubishi%20Pajero,logolar/mitsubishi.png
Mitsubishi,Carisma,,,,Doğrulanmış fiyat bulunamadı,https://www.sahibinden.com/kelime-ile-arama?query_text=Mitsubishi%20Carisma,logolar/mitsubishi.png
Lexus,IS,,,,Doğrulanmış fiyat bulunamadı,https://www.sahibinden.com/kelime-ile-arama?query_text=Lexus%20IS,logolar/lexus.png
Lexus,GS,,,,Doğrulanmış fiyat bulunamadı,https://www.sahibinden.com/kelime-ile-arama?query_text=Lexus%20GS,logolar/lexus.png
Lexus,LS,,,,Doğrulanmış fiyat bulunamadı,https://www.sahibinden.com/kelime-ile-arama?query_text=Lexus%20LS,logolar/lexus.png
Lexus,RX,,,,Doğrulanmış fiyat bulunamadı,https://www.sahibinden.com/kelime-ile-arama?query_text=Lexus%20RX,logolar/lexus.png
Lexus,NX,,,,Doğrulanmış fiyat bulunamadı,https://www.sahibinden.com/kelime-ile-arama?query_text=Lexus%20NX,logolar/lexus.png
Citroën,2CV,,,,Doğrulanmış fiyat bulunamadı,https://www.sahibinden.com/kelime-ile-arama?query_text=Citro%C3%ABn%202CV,logolar/citroën.png
Citroën,BX,,,,Doğrulanmış fiyat bulunamadı,https://www.sahibinden.com/kelime-ile-arama?query_text=Citro%C3%ABn%20BX,logolar/citroën.png
Citroën,ZX,,,,Doğrulanmış fiyat bulunamadı,https://www.sahibinden.com/kelime-ile-arama?query_text=Citro%C3%ABn%20ZX,logolar/citroën.png
Citroën,C3,,,,Doğrulanmış fiyat bulunamadı,https://www.sahibinden.com/kelime-ile-arama?query_text=Citro%C3%ABn%20C3,logolar/citroën.png
Citroën,C4,,,,Doğrulanmış fiyat bulunamadı,https://www.sahibinden.com/kelime-ile-arama?query_text=Citro%C3%ABn%20C4,logolar/citroën.png
DS,DS 3,,,,Doğrulanmış fiyat bulunamadı,https://www.sahibinden.com/kelime-ile-arama?query_text=DS%20DS%203,logolar/ds.png
DS,DS 4,,,,Doğrulanmış fiyat bulunamadı,https://www.sahibinden.com/kelime-ile-arama?query_text=DS%20DS%204,logolar/ds.png
DS,DS 5,,,,Doğrulanmış fiyat bulunamadı,https://www.sahibinden.com/kelime-ile-arama?query_text=DS%20DS%205,logolar/ds.png
DS,DS 7,,,,Doğrulanmış fiyat bulunamadı,https://www.sahibinden.com/kelime-ile-arama?query_text=DS%20DS%207,logolar/ds.png
Alfa Romeo,33,,,,Doğrulanmış fiyat bulunamadı,https://www.sahibinden.com/kelime-ile-arama?query_text=Alfa%20Romeo%2033,logolar/alfa-romeo.png
Alfa Romeo,75,,,,Doğrulanmış fiyat bulunamadı,https://www.sahibinden.com/kelime-ile-arama?query_text=Alfa%20Romeo%2075,logolar/alfa-romeo.png
Alfa Romeo,145,,,,Doğrulanmış fiyat bulunamadı,https://www.sahibinden.com/kelime-ile-arama?query_text=Alfa%20Romeo%20145,logolar/alfa-romeo.png
Alfa Romeo,156,,,,Doğrulanmış fiyat bulunamadı,https://www.sahibinden.com/kelime-ile-arama?query_text=Alfa%20Romeo%20156,logolar/alfa-romeo.png
Alfa Romeo,Giulietta,,,,Doğrulanmış fiyat bulunamadı,https://www.sahibinden.com/kelime-ile-arama?query_text=Alfa%20Romeo%20Giulietta,logolar/alfa-romeo.png
Ferrari,348,,,,Doğrulanmış fiyat bulunamadı,https://www.sahibinden.com/kelime-ile-arama?query_text=Ferrari%20348,logolar/ferrari.png
Ferrari,F355,,,,Doğrulanmış fiyat bulunamadı,https://www.sahibinden.com/kelime-ile-arama?query_text=Ferrari%20F355,logolar/ferrari.png
Ferrari,360 Modena,,,,Doğrulanmış fiyat bulunamadı,https://www.sahibinden.com/kelime-ile-arama?query_text=Ferrari%20360%20Modena,logolar/ferrari.png
Ferrari,F430,,,,Doğrulanmış fiyat bulunamadı,https://www.sahibinden.com/kelime-ile-arama?query_text=Ferrari%20F430,logolar/ferrari.png
Ferrari,458 Italia,,,,Doğrulanmış fiyat bulunamadı,https://www.sahibinden.com/kelime-ile-arama?query_text=Ferrari%20458%20Italia,logolar/ferrari.png
Maserati,3200 GT,,,,Doğrulanmış fiyat bulunamadı,https://www.sahibinden.com/kelime-ile-arama?query_text=Maserati%203200%20GT,logolar/maserati.png
Maserati,Quattroporte,,,,Doğrulanmış fiyat bulunamadı,https://www.sahibinden.com/kelime-ile-arama?query_text=Maserati%20Quattroporte,logolar/maserati.png
Maserati,Ghibli,,,,Doğrulanmış fiyat bulunamadı,https://www.sahibinden.com/kelime-ile-arama?query_text=Maserati%20Ghibli,logolar/maserati.png
Maserati,GranTurismo,,,,Doğrulanmış fiyat bulunamadı,https://www.sahibinden.com/kelime-ile-arama?query_text=Maserati%20GranTurismo,logolar/maserati.png
Maserati,Levante,,,,Doğrulanmış fiyat bulunamadı,https://www.sahibinden.com/kelime-ile-arama?query_text=Maserati%20Levante,logolar/maserati.png
Hyundai,Accent,,,,Doğrulanmış fiyat bulunamadı,https://www.sahibinden.com/kelime-ile-arama?query_text=Hyundai%20Accent,logolar/hyundai.png
Hyundai,Excel,,,,Doğrulanmış fiyat bulunamadı,https://www.sahibinden.com/kelime-ile-arama?query_text=Hyundai%20Excel,logolar/hyundai.png
Hyundai,Elantra,,,,Doğrulanmış fiyat bulunamadı,https://www.sahibinden.com/kelime-ile-arama?query_text=Hyundai%20Elantra,logolar/hyundai.png
Hyundai,Getz,,,,Doğrulanmış fiyat bulunamadı,https://www.sahibinden.com/kelime-ile-arama?query_text=Hyundai%20Getz,logolar/hyundai.png
Hyundai,i20,,,,Doğrulanmış fiyat bulunamadı,https://www.sahibinden.com/kelime-ile-arama?query_text=Hyundai%20i20,logolar/hyundai.png
Kia,Sephia,,,,Doğrulanmış fiyat bulunamadı,https://www.sahibinden.com/kelime-ile-arama?query_text=Kia%20Sephia,logolar/kia.png
Kia,Rio,,,,Doğrulanmış fiyat bulunamadı,https://www.sahibinden.com/kelime-ile-arama?query_text=Kia%20Rio,logolar/kia.png
Kia,Cerato,,,,Doğrulanmış fiyat bulunamadı,https://www.sahibinden.com/kelime-ile-arama?query_text=Kia%20Cerato,logolar/kia.png
Kia,Ceed,,,,Doğrulanmış fiyat bulunamadı,https://www.sahibinden.com/kelime-ile-arama?query_text=Kia%20Ceed,logolar/kia.png
Kia,Sportage,,,,Doğrulanmış fiyat bulunamadı,https://www.sahibinden.com/kelime-ile-arama?query_text=Kia%20Sportage,logolar/kia.png
Ford,Escort,,,,Doğrulanmış fiyat bulunamadı,https://www.sahibinden.com/kelime-ile-arama?query_text=Ford%20Escort,logolar/ford.png
Ford,Sierra,,,,Doğrulanmış fiyat bulunamadı,https://www.sahibinden.com/kelime-ile-arama?query_text=Ford%20Sierra,logolar/ford.png
Ford,Fiesta,,,,Doğrulanmış fiyat bulunamadı,https://www.sahibinden.com/kelime-ile-arama?query_text=Ford%20Fiesta,logolar/ford.png
Ford,Focus,,,,Doğrulanmış fiyat bulunamadı,https://www.sahibinden.com/kelime-ile-arama?query_text=Ford%20Focus,logolar/ford.png
Ford,Mondeo,,,,Doğrulanmış fiyat bulunamadı,https://www.sahibinden.com/kelime-ile-arama?query_text=Ford%20Mondeo,logolar/ford.png
Chevrolet,Lacetti,,,,Doğrulanmış fiyat bulunamadı,https://www.sahibinden.com/kelime-ile-arama?query_text=Chevrolet%20Lacetti,logolar/chevrolet.png
Chevrolet,Aveo,,,,Doğrulanmış fiyat bulunamadı,https://www.sahibinden.com/kelime-ile-arama?query_text=Chevrolet%20Aveo,logolar/chevrolet.png
Chevrolet,Cruze,,,,Doğrulanmış fiyat bulunamadı,https://www.sahibinden.com/kelime-ile-arama?query_text=Chevrolet%20Cruze,logolar/chevrolet.png
Chevrolet,Captiva,,,,Doğrulanmış fiyat bulunamadı,https://www.sahibinden.com/kelime-ile-arama?query_text=Chevrolet%20Captiva,logolar/chevrolet.png
Chevrolet,Camaro,,,,Doğrulanmış fiyat bulunamadı,https://www.sahibinden.com/kelime-ile-arama?query_text=Chevrolet%20Camaro,logolar/chevrolet.png
Jeep,Cherokee,,,,Doğrulanmış fiyat bulunamadı,https://www.sahibinden.com/kelime-ile-arama?query_text=Jeep%20Cherokee,logolar/jeep.png
Jeep,Grand Cherokee,,,,Doğrulanmış fiyat bulunamadı,https://www.sahibinden.com/kelime-ile-arama?query_text=Jeep%20Grand%20Cherokee,logolar/jeep.png
Jeep,Wrangler,,,,Doğrulanmış fiyat bulunamadı,https://www.sahibinden.com/kelime-ile-arama?query_text=Jeep%20Wrangler,logolar/jeep.png
Jeep,Compass,,,,Doğrulanmış fiyat bulunamadı,https://www.sahibinden.com/kelime-ile-arama?query_text=Jeep%20Compass,logolar/jeep.png
Jeep,Renegade,,,,Doğrulanmış fiyat bulunamadı,https://www.sahibinden.com/kelime-ile-arama?query_text=Jeep%20Renegade,logolar/jeep.png
Seat,Ibiza,,,,Doğrulanmış fiyat bulunamadı,https://www.sahibinden.com/kelime-ile-arama?query_text=Seat%20Ibiza,logolar/seat.png
Seat,Cordoba,,,,Doğrulanmış fiyat bulunamadı,https://www.sahibinden.com/kelime-ile-arama?query_text=Seat%20Cordoba,logolar/seat.png
Seat,Leon,,,,Doğrulanmış fiyat bulunamadı,https://www.sahibinden.com/kelime-ile-arama?query_text=Seat%20Leon,logolar/seat.png
Seat,Toledo,,,,Doğrulanmış fiyat bulunamadı,https://www.sahibinden.com/kelime-ile-arama?query_text=Seat%20Toledo,logolar/seat.png
Seat,Altea,,,,Doğrulanmış fiyat bulunamadı,https://www.sahibinden.com/kelime-ile-arama?query_text=Seat%20Altea,logolar/seat.png
Cupra,Formentor,,,,Doğrulanmış fiyat bulunamadı,https://www.sahibinden.com/kelime-ile-arama?query_text=Cupra%20Formentor,logolar/cupra.png
Cupra,Leon,,,,Doğrulanmış fiyat bulunamadı,https://www.sahibinden.com/kelime-ile-arama?query_text=Cupra%20Leon,logolar/cupra.png
Cupra,Born,,,,Doğrulanmış fiyat bulunamadı,https://www.sahibinden.com/kelime-ile-arama?query_text=Cupra%20Born,logolar/cupra.png
Cupra,Ateca,,,,Doğrulanmış fiyat bulunamadı,https://www.sahibinden.com/kelime-ile-arama?query_text=Cupra%20Ateca,logolar/cupra.png
Skoda,Favorit,,,,Doğrulanmış fiyat bulunamadı,https://www.sahibinden.com/kelime-ile-arama?query_text=Skoda%20Favorit,logolar/skoda.png
Skoda,Felicia,,,,Doğrulanmış fiyat bulunamadı,https://www.sahibinden.com/kelime-ile-arama?query_text=Skoda%20Felicia,logolar/skoda.png
Skoda,Fabia,,,,Doğrulanmış fiyat bulunamadı,https://www.sahibinden.com/kelime-ile-arama?query_text=Skoda%20Fabia,logolar/skoda.png
Skoda,Octavia,,,,Doğrulanmış fiyat bulunamadı,https://www.sahibinden.com/kelime-ile-arama?query_text=Skoda%20Octavia,logolar/skoda.png
Skoda,Superb,,,,Doğrulanmış fiyat bulunamadı,https://www.sahibinden.com/kelime-ile-arama?query_text=Skoda%20Superb,logolar/skoda.png
BYD,Atto 3,,,,Doğrulanmış fiyat bulunamadı,https://www.sahibinden.com/kelime-ile-arama?query_text=BYD%20Atto%203,logolar/byd.png
BYD,Dolphin,,,,Doğrulanmış fiyat bulunamadı,https://www.sahibinden.com/kelime-ile-arama?query_text=BYD%20Dolphin,logolar/byd.png
BYD,Seal,,,,Doğrulanmış fiyat bulunamadı,https://www.sahibinden.com/kelime-ile-arama?query_text=BYD%20Seal,logolar/byd.png
BYD,Seal U,,,,Doğrulanmış fiyat bulunamadı,https://www.sahibinden.com/kelime-ile-arama?query_text=BYD%20Seal%20U,logolar/byd.png
BYD,Han,,,,Doğrulanmış fiyat bulunamadı,https://www.sahibinden.com/kelime-ile-arama?query_text=BYD%20Han,logolar/byd.png
MG,MG ZS,,,,Doğrulanmış fiyat bulunamadı,https://www.sahibinden.com/kelime-ile-arama?query_text=MG%20MG%20ZS,logolar/mg.png
MG,MG4,,,,Doğrulanmış fiyat bulunamadı,https://www.sahibinden.com/kelime-ile-arama?query_text=MG%20MG4,logolar/mg.png
MG,MG HS,,,,Doğrulanmış fiyat bulunamadı,https://www.sahibinden.com/kelime-ile-arama?query_text=MG%20MG%20HS,logolar/mg.png
MG,MG5,,,,Doğrulanmış fiyat bulunamadı,https://www.sahibinden.com/kelime-ile-arama?query_text=MG%20MG5,logolar/mg.png
MG,MG3,,,,Doğrulanmış fiyat bulunamadı,https://www.sahibinden.com/kelime-ile-arama?query_text=MG%20MG3,logolar/mg.png
Mini,Classic Mini,,,,Doğrulanmış fiyat bulunamadı,https://www.sahibinden.com/kelime-ile-arama?query_text=Mini%20Classic%20Mini,logolar/mini.png
Mini,Cooper,,,,Doğrulanmış fiyat bulunamadı,https://www.sahibinden.com/kelime-ile-arama?query_text=Mini%20Cooper,logolar/mini.png
Mini,Cooper S,,,,Doğrulanmış fiyat bulunamadı,https://www.sahibinden.com/kelime-ile-arama?query_text=Mini%20Cooper%20S,logolar/mini.png
Mini,Clubman,,,,Doğrulanmış fiyat bulunamadı,https://www.sahibinden.com/kelime-ile-arama?query_text=Mini%20Clubman,logolar/mini.png
Mini,Countryman,,,,Doğrulanmış fiyat bulunamadı,https://www.sahibinden.com/kelime-ile-arama?query_text=Mini%20Countryman,logolar/mini.png
Jaguar,XJ,,,,Doğrulanmış fiyat bulunamadı,https://www.sahibinden.com/kelime-ile-arama?query_text=Jaguar%20XJ,logolar/jaguar.png
Jaguar,X-Type,,,,Doğrulanmış fiyat bulunamadı,https://www.sahibinden.com/kelime-ile-arama?query_text=Jaguar%20X-Type,logolar/jaguar.png
Jaguar,S-Type,,,,Doğrulanmış fiyat bulunamadı,https://www.sahibinden.com/kelime-ile-arama?query_text=Jaguar%20S-Type,logolar/jaguar.png
Jaguar,XF,,,,Doğrulanmış fiyat bulunamadı,https://www.sahibinden.com/kelime-ile-arama?query_text=Jaguar%20XF,logolar/jaguar.png
Jaguar,F-Type,,,,Doğrulanmış fiyat bulunamadı,https://www.sahibinden.com/kelime-ile-arama?query_text=Jaguar%20F-Type,logolar/jaguar.png
